5310000000,5310400000,5310800000,5311200000,5311600000,5312000000,5312400000,5312800000,5313200000,5313600000,5314000000,5314400000,5314800000,5315200000,5315600000,5316000000,5316400000,5316800000,5317200000,5317600000,5318000000,5318400000,5318800000,5319200000,5319600000,5320000000,5320400000,5320800000,5321200000,5321600000,5322000000,5322400000,5322800000,5323200000,5323600000,5324000000,5324400000,5324800000,5325200000,5325600000,5326000000,5326400000,5326800000,5327200000,5327600000,5328000000,5328400000,5328800000,5329200000,5329600000,5330000000
-50.065,-45.31,-42.682,-42.674,-38.132,-37.877,-37.052,-37.63,-37.286,-36.773,-36.688,-37.153,-39.202,-38.801,-39.178,-36.595,-37.09,-36.932,-36.373,-35.732,-36.052,-38.093,-36.376,-37.593,-36.811,-37.319,-36.587,-38.265,-36.033,-35.985,-36.155,-36.409,-38.607,-37.603,-39.885,-38.631,-38.646,-40.021,-43.311,-38.634,-38.215,-38.595,-40.577,-39.077,-37.356,-41.642,-42.533,-45.458,-43.417,-49.544,-53.412
-53.335,-48.085,-47.284,-47.315,-43.245,-42.694,-42.971,-39.109,-44.145,-39.188,-38.617,-38.217,-40.27,-39.426,-40.423,-37.897,-39.898,-40.691,-38.254,-38.862,-36.836,-40.047,-40.634,-39.149,-38.715,-40.066,-39.4,-39.199,-39.902,-40.294,-39.424,-37.28,-40.48,-39.28,-39.072,-40.159,-39.673,-40.648,-37.377,-41.244,-41.269,-39.006,-45.217,-37.15,-38.739,-39.336,-41.869,-44.761,-43.685,-51.439,-58.186
-52.004,-47.491,-44.053,-43.304,-40.45,-38.339,-39.575,-41.794,-36.338,-37.353,-37.413,-39.141,-38.643,-42.119,-40.477,-39.003,-38.288,-38.65,-39.191,-37.31,-36.954,-39.123,-38.935,-39.876,-39.298,-38.071,-39.226,-39.968,-39.56,-38.175,-41.311,-37.743,-39.777,-38.155,-37.217,-39.574,-38.25,-35.379,-37.167,-41.551,-37.306,-37.888,-39.284,-40.414,-39.214,-38.745,-42.453,-41.92,-45.407,-47.86,-51.941
-51.23,-50.171,-43.63,-43.52,-41.417,-40.715,-39.152,-40.236,-39.296,-39.904,-38.238,-39.282,-39.368,-38.215,-38.235,-39.192,-39.117,-40.795,-39.084,-40.157,-38.393,-38.81,-40.616,-40.164,-39.08,-40.453,-40.541,-40.457,-40.077,-39.359,-39.782,-40.145,-39.116,-46.193,-38.858,-38.699,-39.656,-38.039,-40.266,-36.292,-44.538,-39.311,-38.905,-38.624,-38.935,-40.791,-40.488,-43.414,-43.208,-51.226,-53.21
-53.997,-46.927,-44.322,-42.502,-40.209,-40.09,-40.024,-40.188,-41.495,-37.302,-40.161,-39.175,-40.218,-39.42,-42.892,-41.186,-41.895,-38.756,-39.394,-37.617,-42.25,-41.775,-41.511,-39.036,-40.624,-38.815,-38.643,-41.285,-39.968,-38.667,-39.373,-40.422,-37.97,-38.594,-39.568,-37.804,-40.603,-39.809,-39.117,-40.332,-41.165,-41.441,-39.287,-42.1,-41.991,-41.481,-41.186,-39.837,-40.926,-40.605,-40.156
-53.075,-52.964,-43.548,-42.038,-40.778,-38.715,-38.356,-39.342,-41.303,-37.696,-38.35,-39.483,-37.765,-39.041,-42.266,-38.888,-39.875,-37.837,-37.621,-38.798,-37.828,-38.574,-39.988,-38.615,-37.776,-39.981,-38.243,-39.51,-37.854,-37.482,-41.84,-37.937,-38.713,-38.502,-36.858,-40.19,-40.528,-39.776,-38.846,-41.137,-39.832,-37.836,-41.027,-48.196,-40.199,-39.594,-41.893,-42.712,-44.312,-49.156,-53.042
-53.687,-50.686,-47.683,-42.308,-41.957,-40.427,-39.908,-40.554,-41.861,-38.067,-40.184,-39.13,-40.003,-39.354,-40.536,-40.051,-38.88,-40.149,-40.19,-38.223,-39.51,-38.487,-39.344,-38.675,-38.658,-40.455,-40.901,-39.73,-41.291,-38.553,-39.598,-39.437,-44.296,-42.228,-35.81,-38.28,-40.227,-36.964,-37.855,-37.906,-39.486,-39.082,-38.457,-38.894,-37.911,-38.025,-37.643,-38.736,-39.776,-38.261,-39.291
-53.53,-50.858,-48.037,-46.749,-49.165,-41.47,-41.441,-41.493,-44.463,-46.078,-41.477,-46.774,-45.657,-45.9,-41.484,-41.485,-45.761,-45.04,-41.468,-44.543,-44.768,-45.963,-45.178,-44.683,-46.324,-42.441,-44.353,-44.267,-42.519,-44.155,-38.862,-39.34,-38.47,-40.895,-41.256,-39.518,-38.884,-38.447,-39.373,-37.605,-41.01,-39.931,-37.781,-40.914,-38.92,-39.403,-40.828,-47.939,-43.907,-52.191,-53.806
-53.424,-52.095,-45.326,-42.274,-41.016,-41.766,-41.533,-37.651,-40.414,-40.567,-40.832,-37.181,-40.158,-40.919,-43.336,-39.033,-38.917,-37.654,-39.643,-42.145,-39.03,-39.671,-41.083,-39.602,-39.33,-39.651,-38.866,-38.723,-39.509,-39.437,-37.332,-39.373,-40.778,-37.053,-37.927,-37.224,-37.125,-38.307,-42.946,-38.366,-39.93,-39.908,-41.899,-42.526,-42.172,-41.473,-42.635,-43.722,-50.084,-52.07,-60.429
-52.201,-46.724,-45.258,-43.062,-40.233,-40.05,-45.665,-39.697,-41.453,-39.708,-39.335,-39.642,-38.237,-43.462,-42.582,-38.858,-39.174,-41.481,-39.333,-39.317,-38.769,-40.098,-40.946,-40.921,-41.888,-39.762,-41.078,-40.517,-40.433,-41.354,-39.579,-38.144,-40.709,-38.868,-37.846,-39.759,-40.353,-39.492,-39.069,-39.796,-40.857,-43.152,-41.666,-40.993,-40.218,-40.343,-40.279,-44.083,-45.537,-50.144,-54.17
-53.063,-47.162,-43.286,-40.695,-37.849,-42.404,-37.518,-40.001,-40.077,-37.169,-38.494,-39.927,-39.791,-38.484,-38.155,-39.807,-40.123,-37.945,-38.857,-39.179,-38.506,-43.043,-37.787,-39.92,-38.818,-39.573,-38.509,-39.711,-38.914,-38.778,-41.617,-44.91,-48.291,-45.974,-45.371,-45.977,-47.637,-44.416,-44.874,-45.203,-41.581,-45.4,-47.858,-41.587,-48.865,-44.749,-46.185,-48.554,-50.462,-51.268,-54.362
-51.97,-50.523,-50.816,-48.133,-94.057,-49.414,-47.849,-94.018,-84.571,-51.994,-93.954,-47.961,-42.554,-45.629,-46.042,-45.948,-42.523,-42.617,-93.523,-42.567,-42.434,-56.487,-56.59,-57.734,-57.628,-57.705,-55.814,-56.38,-55.795,-56.843,-39.377,-39.325,-55.162,-55.233,-38.848,-53.564,-55.272,-46.879,-40.659,-47.916,-42.236,-40.465,-40.073,-45.107,-55.258,-55.012,-55.087,-54.987,-55.06,-55.082,-66.257
-52.882,-49.544,-47.304,-77.437,-77.297,-77.363,-77.386,-41.515,-41.163,-38.511,-37.371,-38.495,-77.423,-77.444,-77.346,-42.356,-39.552,-38.239,-77.28,-77.366,-44.321,-56.041,-56.014,-57.622,-57.424,-55.098,-55.392,-55.083,-57.136,-55.074,-40.469,-34.205,-34.289,-38.827,-42.692,-61.247,-45.341,-39.153,-40.18,-36.194,-35.796,-48.194,-61.118,-40.275,-40.964,-39.829,-43.512,-42.272,-42.233,-41.846,-42.952
-50.014,-48.252,-43.979,-41.201,-41.546,-39.903,-39.604,-54.415,-41.182,-38.051,-39.319,-40.306,-39.573,-39.18,-40.313,-39.203,-38.747,-39.274,-39.42,-38.261,-40.383,-41.922,-39.791,-40.216,-39.751,-41.341,-40.453,-41.676,-40.97,-39.72,-41.927,-39.944,-39.399,-43.082,-38.971,-39.105,-39.443,-42.119,-39.446,-39.413,-40.593,-41.433,-40.733,-39.072,-39.257,-42.4,-41.771,-43.513,-45.651,-49.433,-54.142
-53.852,-48.618,-44.133,-41.486,-41.08,-40.968,-41.41,-40.964,-37.167,-38.49,-39.796,-38.821,-37.367,-39.407,-38.819,-40.626,-43.406,-40.33,-40.316,-38.358,-37.705,-39.992,-40.825,-39.108,-38.242,-39.744,-39.815,-40.69,-40.46,-38.356,-49.07,-47.935,-47.187,-49.536,-47.683,-49.212,-43.94,-48.82,-46.862,-47.003,-48.949,-56.427,-46.846,-47.199,-49.671,-48.305,-49.08,-49.914,-53.603,-52.287,-50.338
-54.651,-50.253,-42.904,-43.358,-40.802,-39.369,-39.152,-39.929,-36.905,-42.082,-39.502,-38.202,-41.304,-38.327,-36.399,-38.686,-38.536,-38.308,-37.845,-38.112,-39.59,-40.007,-40.283,-39.216,-38.18,-39.111,-37.74,-37.707,-40.006,-38.778,-40.887,-37.656,-41.253,-38.993,-40.646,-41.652,-38.968,-39.132,-41.184,-39.735,-38.805,-40.495,-38.756,-40.469,-40.875,-39.207,-41.204,-44.257,-44.86,-50.284,-54.442
-51.122,-49.549,-46.536,-42.699,-41.071,-40.196,-40.562,-42.285,-38.736,-41.325,-40.526,-39.99,-42.738,-40.454,-40.163,-40.408,-38.769,-40.98,-38.766,-39.141,-40.629,-39.476,-39.38,-39.239,-40.223,-39.18,-41.763,-39.909,-41.727,-41.162,-40.544,-38.819,-38.257,-40.05,-40.853,-40.591,-38.634,-39.023,-38.619,-40.258,-40.958,-39.158,-38.996,-38.759,-40.653,-39.62,-41.047,-43.751,-45.153,-49.827,-54.438
-53.116,-49.5,-45.509,-41.07,-38.613,-41.25,-39.891,-42.208,-41.16,-40.016,-42.444,-41.581,-40.31,-36.615,-40.517,-39.45,-43.446,-39.758,-41.821,-39.869,-39.67,-39.571,-39.165,-41.285,-40.036,-40.493,-40.631,-40.69,-41.996,-41.228,-39.792,-38.069,-36.237,-42.047,-36.982,-38.155,-38.382,-39.406,-36.401,-39.138,-39.359,-39.473,-40.275,-42.778,-42.095,-41.338,-43.959,-44.262,-44.193,-50.275,-53.382
-53.178,-51.226,-45.532,-42.443,-39.385,-39.504,-44.563,-38.02,-38.819,-38.754,-37.636,-37.824,-40.106,-38.637,-38.53,-41.145,-37.652,-38.089,-39.346,-38.128,-36.194,-38.341,-39.912,-38.286,-39.189,-38.761,-38.489,-37.989,-40.237,-38.996,-40.763,-39.304,-41.074,-39.263,-40.184,-39.591,-40.496,-39.058,-40.875,-39.033,-38.12,-38.294,-37.971,-39.839,-39.592,-41.196,-46.491,-43.439,-44.911,-57.081,-57.47
-56.067,-49.945,-47.845,-47.374,-42.738,-41.47,-45.59,-38.161,-43.426,-43.609,-44.781,-43.865,-42.612,-42.638,-42.795,-42.571,-44.428,-42.461,-43.55,-42.632,-38.249,-43.948,-43.606,-41.693,-43.163,-43.962,-41.683,-42.009,-44.016,-42.426,-41.328,-39.119,-41.426,-40.873,-39.902,-40.397,-40.909,-38.802,-40.967,-39.893,-42.141,-47.41,-44.732,-41.919,-41.826,-41.568,-43.469,-45.656,-49.357,-53.106,-53.978
-52.705,-48.628,-46.705,-43.003,-42.64,-40.006,-39.666,-40.002,-40.021,-41.084,-45.072,-42.654,-39.082,-39.681,-39.47,-39.753,-40.242,-42.107,-42.212,-40.192,-39.546,-41.085,-41.728,-40.862,-40.107,-39.864,-40.169,-40.719,-41.441,-40.634,-39.528,-38.276,-39.351,-42.134,-37.963,-40.166,-41.102,-37.462,-38.186,-37.475,-39.326,-38.357,-40.229,-39.811,-46.117,-43.156,-40.971,-41.613,-45.378,-51.652,-64.637
-53.789,-51.242,-43.576,-44.089,-43.694,-40.914,-39.52,-38.763,-41.771,-39.036,-40.632,-39.352,-39.807,-40.338,-43.957,-39.441,-38.571,-40.768,-40.177,-37.877,-40.204,-40.612,-38.7,-40.39,-38.793,-40.799,-40.648,-41.155,-40.627,-41.264,-39.264,-39.941,-38.882,-41.349,-39.522,-44.97,-39.944,-40.789,-40.625,-38.901,-40.212,-39.287,-43.12,-41.766,-40.84,-39.847,-42.346,-44.273,-44.997,-50.934,-53.686
-50.818,-49.623,-46.236,-45.274,-40.624,-42.336,-42.31,-42.845,-40.703,-42.364,-41.402,-43.048,-41.094,-42.224,-37.541,-43.419,-42.521,-37.572,-43.323,-41.64,-42.075,-42.518,-43.108,-42.621,-41.281,-40.91,-41.369,-41.882,-41.439,-40.222,-41.281,-42.558,-42.028,-41.928,-40.833,-42.006,-39.09,-40.501,-41.79,-43.535,-39.527,-41.094,-42.648,-40.054,-42.83,-41.077,-43.057,-44.629,-46.046,-47.916,-52.626
-51.05,-47.683,-44.045,-44.145,-40.2,-43.973,-38.619,-39.466,-38.069,-39.968,-40.077,-38.531,-40.109,-37.92,-38.069,-38.837,-36.562,-38.106,-49.144,-37.569,-42.183,-40.749,-39.497,-39.286,-40.364,-38.658,-41.134,-40.66,-38.843,-38.989,-39.237,-40.803,-43.151,-41.268,-38.723,-38.981,-39.1,-39.591,-42.756,-40.442,-39.074,-40.264,-40.002,-42.384,-40.002,-41.793,-41.016,-44.652,-46.167,-50.991,-64.153
-51.494,-51.908,-47.661,-45.369,-46.778,-44.401,-46.093,-40.392,-45.413,-45.278,-46.934,-46.576,-40.398,-44.815,-44.207,-44.818,-43.306,-40.361,-43.235,-44.824,-40.383,-43.852,-44.594,-42.706,-43.104,-44.1,-43.989,-43.863,-44.283,-43.228,-40.279,-44.04,-43.342,-44.116,-42.898,-43.172,-40.89,-40.914,-40.96,-42.432,-44.15,-41.272,-42.861,-44.77,-44.669,-43.604,-44.043,-43.03,-43.903,-43.614,-43.132
-52.179,-49.898,-44.834,-43.294,-44.119,-40.199,-40.004,-40.113,-38.532,-40.305,-40.164,-41.399,-39.187,-37.815,-38.492,-43.342,-41.215,-41.955,-39.315,-38.821,-38.226,-40.42,-40.851,-38.559,-41.145,-38.919,-39.065,-40.448,-38.622,-39.491,-54.33,-56.361,-54.162,-55.456,-54.828,-50.085,-53.87,-50.133,-53.274,-55.574,-53.499,-53.727,-50.128,-53.754,-57.483,-54.161,-52.761,-54.704,-54.824,-55.064,-53.689
-55.929,-48.2,-44.638,-43.66,-40.923,-38.463,-39.369,-40.671,-40.412,-40.622,-42.103,-38.973,-37.271,-41.907,-38.481,-39.976,-38.021,-38.93,-38.228,-38.722,-42.305,-38.362,-40.138,-41.129,-39.438,-39.644,-38.559,-38.345,-39.459,-41.108,-39.57,-39.732,-42.998,-39.864,-38.896,-40.894,-37.47,-38.63,-38.936,-39.515,-37.958,-41.641,-43.121,-40.239,-38.96,-40.742,-45.893,-46.091,-45.23,-50.967,-54.505
-54.399,-49.321,-46.053,-42.611,-40.128,-41.7,-38.346,-39.268,-42.79,-40.563,-39.419,-43.282,-40.827,-39.387,-39.013,-40.465,-37.727,-38.898,-40.671,-37.812,-40.758,-40.484,-40.505,-39.817,-39.775,-40.702,-41.477,-40.01,-39.674,-39.375,-50.64,-50.844,-44.795,-44.761,-48.239,-48.596,-44.727,-49.442,-47.694,-47.718,-48.699,-48.801,-48.924,-47.701,-48.596,-49.404,-50.553,-49.256,-48.783,-47.232,-49.202
-51.823,-49.01,-49.635,-45.5,-43.703,-43.402,-39.406,-43.612,-44.631,-43.627,-45.054,-43.636,-44.071,-39.465,-43.898,-44.517,-43.465,-43.374,-44.859,-42.747,-39.418,-44.292,-44.926,-45.459,-46.505,-43.302,-41.62,-43.692,-44.24,-42.756,-40.074,-40.015,-40.958,-40.176,-39.906,-41.716,-42.189,-37.799,-40.574,-41.693,-42.194,-42.03,-39.648,-40.986,-44.868,-41.37,-45.051,-44.524,-45.825,-48.121,-52.34
-51.915,-47.309,-45.198,-42.81,-40.554,-41.574,-39.33,-38.279,-40.4,-43.324,-37.746,-38.231,-43.667,-38.226,-37.752,-40.719,-39.974,-39.85,-40.572,-42.438,-39.189,-41.268,-41.24,-40.156,-43.343,-40.802,-39.884,-40.698,-41.261,-41.479,-38.328,-43.399,-43.562,-38.897,-39.289,-39.426,-43.508,-38.52,-40.896,-38.328,-39.433,-38.775,-39.179,-37.731,-39.5,-43.105,-41.598,-43.767,-46.338,-49.538,-53.457
-51.931,-49.987,-45.701,-42.219,-41.045,-42.922,-40.502,-41.296,-38.955,-42.892,-39.898,-42.106,-37.907,-39.447,-38.916,-38.087,-38.765,-40.467,-39.19,-38.663,-39.506,-38.988,-39.89,-39.455,-40.333,-39.472,-40.727,-40.519,-38.952,-38.82,-40.579,-39.905,-39.469,-39.807,-37.711,-39.622,-39.967,-39.365,-41.578,-42.369,-39.252,-41.06,-42.133,-44.202,-41.761,-44.546,-44.604,-42.265,-48.898,-51.029,-53.028
-53.753,-49.164,-43.066,-41.941,-41.034,-38.852,-39.463,-40.176,-40.29,-41.746,-38.641,-38.12,-37.929,-42.634,-41.61,-37.554,-38.919,-37.593,-39.501,-38.679,-37.958,-40.819,-40.749,-40.419,-38.2,-40.779,-38.165,-37.944,-39.732,-38.424,-64.295,-64.627,-63.766,-62.855,-63.836,-58.907,-63.752,-65.141,-66.153,-63.836,-58.956,-68.867,-65.769,-63.454,-58.915,-58.985,-64.028,-62.901,-63.674,-62.662,-63.664
-52.285,-46.028,-46.361,-42.891,-40.161,-40.332,-41.704,-40.495,-41.9,-44.101,-40.8,-41.294,-40.01,-38.865,-38.381,-42.989,-45.647,-40.784,-43.006,-40.109,-39.543,-41.063,-40.532,-39.985,-41.335,-39.782,-41.173,-40.042,-41.153,-42.746,-42.631,-39.753,-40.316,-40.085,-38.665,-37.973,-40.917,-38.23,-39.784,-40.2,-40.789,-40.797,-40.728,-41.079,-39.711,-42.708,-39.128,-39.003,-39.016,-40.257,-41.107
-57.949,-55.336,-55.104,-55.26,-47.839,-51.593,-52.729,-54.741,-55.428,-47.881,-51.4,-51.6,-51.256,-47.849,-47.89,-51.81,-51.455,-54.93,-47.869,-50.799,-47.871,-52.415,-51.303,-51.982,-53.044,-50.535,-52.514,-52.099,-50.528,-52.546,-39.334,-39.616,-38.242,-38.884,-43.12,-40.698,-39.846,-40.554,-40.951,-41.314,-40.603,-42.233,-43.095,-41.771,-42.309,-41.719,-42.72,-43.42,-47.123,-50.966,-52.367
-53.608,-47.263,-46.002,-41.678,-39.919,-45.374,-40.828,-40.437,-41.823,-39.416,-42.899,-38.686,-38.604,-39.18,-36.981,-40.76,-40.957,-43.858,-39.418,-38.025,-38.932,-40.602,-42.74,-41.471,-42.599,-44.751,-41.449,-40.596,-39.242,-40.711,-38.078,-38.576,-43.016,-40.097,-43.207,-41.702,-39.678,-39.708,-40.77,-38.991,-37.916,-39.525,-41.918,-41.262,-40.705,-41.753,-41.547,-42.372,-49.236,-52.866,-53.199
-51.581,-49.109,-46.395,-42.384,-41.277,-41.082,-38.513,-40.551,-41.201,-41.938,-42.554,-42.524,-40.551,-38.891,-41.612,-41.055,-39.829,-39.504,-43.527,-43.074,-41.599,-41.585,-41.684,-41.287,-41.307,-40.157,-40.388,-40.706,-41.094,-41.528,-37.342,-39.264,-37.991,-40.193,-39.679,-39.72,-37.205,-38.608,-36.541,-38.513,-39.018,-41.961,-41.147,-40.211,-39.937,-40.657,-40.305,-43.061,-44.573,-49.302,-53.637
-59.977,-48.94,-42.686,-43.177,-42.668,-41.041,-41.578,-40.448,-42.388,-38.807,-40.627,-41.99,-44.149,-41.511,-43.27,-41.155,-40.719,-40.116,-40.075,-41.22,-39.722,-41.367,-41.901,-42.797,-42.604,-42.005,-42.486,-42.197,-40.207,-41.222,-39.307,-40.178,-40.915,-40.668,-42.499,-38.864,-38.812,-40.014,-37.157,-38.158,-40.014,-38.278,-39.784,-41.012,-40.773,-43.471,-41.433,-43.239,-50.166,-49.35,-55.38
-52.095,-48.763,-44.193,-44.742,-42.08,-41.298,-40.103,-37.786,-39.481,-38.459,-37.652,-38.264,-38.329,-39.311,-39.788,-39.266,-39.834,-40.03,-41.164,-38.445,-40.42,-38.868,-38.396,-39.476,-37.897,-39.173,-39.064,-40.406,-40.734,-38.573,-40.478,-38.302,-41.278,-41.018,-40.477,-40.311,-39.75,-38.365,-40.602,-40.641,-43.677,-41.737,-40.91,-43.725,-41.212,-39.294,-40.979,-47.73,-50.491,-52.212,-54.487
-58.666,-57.249,-54.981,-55.023,-53.518,-53.285,-52.553,-54.038,-49.389,-53.782,-49.365,-49.454,-49.401,-49.439,-52.919,-53.439,-53.408,-52.65,-49.376,-53.959,-54.35,-53.997,-51.229,-52.932,-51.218,-51.759,-51.599,-51.315,-51.775,-52.275,-44.612,-39.88,-41.485,-43.976,-40.022,-42.089,-41.471,-42.193,-39.8,-41.327,-43.709,-44.563,-40.616,-39.988,-42.453,-44.322,-43.12,-44.498,-47.53,-51.619,-55.902
-51.784,-51.149,-43.609,-43.94,-42.897,-41.139,-41.915,-42.924,-40.507,-38.936,-37.571,-42.223,-39.612,-40.104,-40.858,-37.138,-38.202,-39.409,-40.041,-39.105,-40.654,-40.639,-40.45,-40.203,-39.599,-39.312,-41.327,-40.297,-40.099,-38.639,-40.97,-43.919,-41.188,-40.827,-41.747,-40.041,-39.418,-39.769,-37.619,-39.521,-42.292,-41.8,-37.989,-42.053,-41.87,-40.708,-40.902,-41.685,-46.841,-50.287,-53.11
-54.35,-47.217,-45.924,-41.049,-41.078,-40.408,-40.228,-40.109,-38.573,-40.494,-40.226,-38.91,-37.893,-38.505,-39.476,-40.256,-40.804,-40.057,-41.627,-40.272,-41.471,-40.327,-39.868,-40.409,-39.314,-38.476,-40.77,-41.178,-38.478,-38.964,-63.607,-63.261,-56.448,-60.245,-61.18,-56.461,-56.476,-56.441,-56.44,-56.445,-60.589,-61.84,-56.449,-63.903,-64.092,-61.685,-62.499,-62.48,-63.918,-65.049,-59.304
-54.786,-48.882,-45.665,-44.468,-40.691,-40.318,-40.922,-39.419,-39.499,-41.425,-40.814,-37.7,-37.782,-40.728,-39.982,-38.645,-39.319,-40.034,-39.148,-40.223,-41.232,-41.634,-40.456,-40.599,-39.314,-40.365,-41.292,-38.35,-38.892,-39.844,-41.275,-38.767,-39.619,-39.607,-39.543,-37.08,-44.186,-37.998,-38.372,-40.134,-39.104,-41.268,-42.147,-39.553,-41.091,-43.353,-41.536,-43.609,-47.497,-48.92,-54.097
-53.578,-49.055,-45.224,-40.292,-41.156,-37.787,-39.03,-39.953,-40.092,-45.808,-37.845,-40.649,-38.101,-40.614,-38.362,-38.602,-43.008,-40.455,-41.246,-38.328,-40.098,-40.829,-39.685,-39.68,-39.557,-39.673,-39.599,-38.84,-38.565,-41.174,-43.004,-42.5,-39.786,-39.577,-38.84,-39.401,-41.371,-40.333,-41.404,-40.033,-41.771,-40.931,-39.954,-40.355,-41.205,-39.697,-42.404,-42.858,-45.635,-50.743,-54.458
-53.024,-48.863,-44.785,-41.249,-41.95,-43.635,-38.779,-37.65,-40.186,-43.143,-39.195,-43.379,-40.68,-39.542,-36.722,-39.904,-39.282,-38.168,-38.563,-38.39,-39.956,-42.006,-39.423,-39.069,-38.718,-40.042,-39.414,-39.424,-40.341,-40.537,-42.181,-42.431,-40.844,-41.307,-39.875,-40.954,-41.198,-38.9,-43.776,-40.961,-41.159,-41.516,-40.668,-43.234,-38.901,-39.094,-42.103,-42.472,-46.668,-49.612,-53.384
-52.899,-48.437,-46.4,-47.154,-40.956,-41.25,-41.163,-40.989,-40.398,-39.431,-38.511,-40.5,-41.01,-37.768,-37.935,-40.958,-42.559,-40.802,-40.55,-37.536,-38.75,-43.179,-38.697,-40.14,-38.618,-39.233,-40.829,-41.09,-40.072,-39.332,-40.915,-39.883,-40.972,-39.576,-39.554,-38.893,-36.817,-40.876,-37.606,-40.595,-39.603,-40.296,-40.307,-39.762,-40.465,-39.28,-42.478,-43.948,-44.436,-50.626,-55.691
-52.125,-49.296,-46.431,-44.19,-39.719,-40.229,-40.226,-41.218,-40.143,-40.766,-41.954,-41.134,-40.385,-41.827,-39.323,-39.402,-36.693,-38.862,-41.028,-38.887,-37.389,-39.784,-40.547,-39.184,-40.117,-40.248,-39.996,-39.722,-39.753,-41.016,-47.409,-48.084,-47.416,-49.543,-48.052,-47.395,-46.015,-48.021,-43.078,-46.167,-43.083,-43.093,-45.94,-43.035,-43.092,-43.041,-46.287,-56.599,-51.467,-53.924,-52.456
-52.256,-48.717,-42.826,-43.062,-43.377,-40.782,-43.373,-39.023,-37.53,-39.839,-37.642,-40.22,-40.673,-36.098,-41.097,-36.358,-36.725,-42.238,-40.81,-38.606,-38.338,-38.651,-38.065,-40.273,-40.073,-38.465,-37.849,-39.129,-39.696,-37.875,-41.506,-40.205,-41.452,-39.839,-39.143,-38.887,-38.6,-39.898,-39.864,-41.175,-40.878,-41.376,-40.587,-38.917,-38.58,-38.857,-40.317,-43.489,-47.713,-48.72,-58.284
-55.867,-55.206,-52.211,-49.443,-55.891,-47.608,-44.497,-48.396,-47.368,-50.003,-49.941,-44.48,-49.312,-44.458,-44.476,-53.075,-84.833,-84.678,-49.021,-52.977,-94.651,-55.564,-56.032,-56.305,-54.594,-56.356,-55.696,-55.641,-56.573,-54.582,-65.097,-65.984,-79.475,-89.974,-70.218,-59.859,-73.67,-100.476,-88.733,-71.839,-65.806,-71.728,-98.722,-98.974,-63.521,-98.714,-87.686,-79.107,-78.446,-80.294,-81.002
-57.631,-52.896,-48.731,-68.447,-68.356,-38.557,-36.223,-33.495,-33.456,-36.704,-38,-34.342,-34.703,-37.008,-37.279,-45.683,-57.41,-40.039,-39.207,-41.834,-36.796,-39.457,-38.589,-38.88,-38.316,-38.715,-37.307,-38.145,-39.717,-37.543,-89.181,-89.035,-88.974,-88.51,-58.042,-58.838,-58.024,-53.49,-53.474,-53.329,-80.02,-88.26,-61.003,-53.425,-53.504,-58.674,-67.479,-66.784,-66.936,-66.794,-67.58
-67.873,-66.797,-65.824,-69.005,-59.438,-64.127,-64.868,-59.444,-59.244,-59.383,-59.397,-64.096,-63.51,-59.288,-59.374,-63.234,-59.395,-59.348,-69.732,-59.413,-64.934,-64.553,-67.569,-65.834,-64.456,-62.786,-60.462,-62.899,-62.54,-62.352,-40.778,-38.794,-39.543,-40.88,-39.42,-39.61,-40.793,-38.849,-40.732,-39.19,-39.259,-40.987,-39.85,-41.512,-40.477,-40.317,-40.797,-41.638,-42.643,-43.644,-53.35
-53.021,-48.883,-43.723,-42.138,-38.911,-39.136,-41.824,-39.597,-38.72,-39.727,-39.726,-37.899,-36.544,-39.53,-42.788,-40.623,-38.819,-37.758,-37.623,-38.608,-38.688,-38.12,-38.097,-39.017,-40.52,-37.926,-38.335,-38.457,-38.954,-38.344,-39.583,-43.128,-39.688,-41.595,-42.944,-39.232,-42.524,-41.383,-40.215,-41.408,-42.308,-41.802,-42.531,-41.513,-40.911,-41.695,-41.889,-46.907,-44.05,-50.115,-55.616
-58.676,-56.731,-56.888,-54.503,-50.006,-50.066,-56.638,-53.444,-53.972,-53.702,-50.044,-50.053,-49.93,-50.039,-50.041,-50.023,-53.673,-50.018,-53.674,-55.863,-53.777,-52.169,-52.939,-50.801,-52.382,-53.13,-51.517,-52.51,-52.158,-50.746,-44.515,-41.149,-43.382,-41.451,-40.518,-45.544,-42.028,-39.942,-41.56,-40.584,-43.548,-39.888,-40.955,-42.75,-43.639,-41.165,-42.732,-43.97,-47.615,-52.145,-62.076
-52.53,-48.301,-44.113,-43.515,-40.538,-38.616,-39.989,-38.595,-38.452,-39.241,-37.785,-38.94,-41.322,-37.196,-39.056,-40.779,-42.356,-44.049,-39.192,-37.445,-39.479,-41.497,-39.432,-40.093,-38.778,-39.044,-38.185,-40.945,-38.093,-38.532,-51.489,-51.482,-51.461,-51.407,-51.424,-51.498,-51.423,-51.401,-51.345,-51.343,-51.481,-61.699,-56.892,-54.954,-51.487,-55.084,-51.628,-52.088,-52.23,-53.111,-53.594
-53.852,-49.761,-45.541,-39.541,-39.999,-39.971,-37.585,-37.939,-37.791,-39.735,-37.85,-37.813,-37.955,-36.743,-40.394,-41.233,-38.89,-39.595,-37.171,-38.609,-41.802,-39.464,-40.789,-39.926,-39.035,-37.407,-39.907,-37.323,-38.479,-38.258,-41.068,-39.228,-41.966,-38.752,-38.626,-40.891,-36.567,-40.024,-40.738,-39.45,-39.129,-41.508,-39.57,-41.542,-40.451,-42.611,-42.179,-44.991,-44.957,-47.438,-52.098
-53.514,-47.99,-44.028,-42.254,-39.57,-37.798,-40.083,-40.238,-39.352,-41.256,-40.36,-40.232,-40.739,-38.947,-38.95,-39.913,-38.099,-40.099,-38.164,-40.19,-39.101,-38.152,-38.169,-40.602,-38.635,-39.33,-38.522,-40.754,-39.127,-39.466,-39.474,-38.881,-38.607,-42.863,-39.114,-40.907,-43.323,-41.714,-42.243,-39.174,-38.397,-41.369,-39.433,-38.029,-43.446,-48.553,-41.92,-42.912,-44.471,-50.923,-55.637
-55.351,-48.802,-49.018,-45.895,-43.254,-41.216,-41.574,-39.367,-43.425,-40.265,-38.578,-41.403,-40.585,-40.057,-41.195,-39.893,-39.388,-40.196,-39.209,-38.461,-39.905,-41.302,-42.795,-40.586,-40.942,-58.287,-59.659,-54.815,-60.267,-58.498,-54.859,-58.753,-54.864,-58.739,-54.845,-54.792,-59.096,-68.997,-54.739,-59.569,-61.374,-59.401,-54.877,-54.74,-54.881,-54.854,-54.829,-59.544,-60.778,-62.681,-47.83
-53.193,-48.845,-45.285,-41.583,-41.423,-41.699,-43.07,-42.987,-39.4,-41.914,-41.53,-39.608,-40.099,-39.311,-39.917,-40.345,-40.427,-39.506,-40.677,-39.063,-37.891,-41.763,-39.086,-39.991,-41.777,-41.107,-39.237,-41.118,-41.021,-39.025,-38.997,-38.741,-39.378,-38.929,-39.585,-44.069,-38.731,-38.442,-39.518,-40.177,-42.323,-39.194,-41.597,-37.674,-38.727,-39.27,-43.592,-41.599,-46.327,-52.433,-53.447
-55.899,-47.945,-42.108,-43.492,-41.324,-41.477,-38.893,-42.502,-41.314,-39.216,-38.133,-38.242,-37.962,-39.934,-36.651,-40.481,-38.003,-36.724,-39.396,-37.688,-38.766,-37.849,-38.366,-39.624,-37.836,-40.475,-40.424,-37.99,-38.061,-37.595,-38.91,-38.039,-39.305,-37.896,-39.362,-49.689,-41.02,-39.334,-37.124,-40.701,-37.851,-39.993,-41.167,-40.223,-42.344,-41.703,-45.909,-43.125,-45.855,-50.943,-53.412
-53.37,-48.32,-44.31,-40.518,-40.78,-39.245,-41.441,-42.74,-39.052,-40.704,-40.467,-41.174,-40.439,-38.217,-41.377,-39.572,-41.405,-38.631,-38.122,-39.648,-38.198,-40.908,-41.517,-41.316,-38.946,-39.566,-39.866,-38.553,-41.2,-40.706,-40.553,-40.937,-38.781,-39.978,-37.558,-36.917,-37.295,-40.131,-40.265,-37.622,-39.74,-38.302,-38.803,-39.988,-39.372,-39.355,-40.784,-44.956,-46.925,-47.341,-53.45
-51.482,-48.435,-43.872,-41.119,-38.9,-40.612,-41.419,-38.504,-39.174,-38.116,-38.829,-38.685,-38.498,-37.276,-41.338,-38.818,-38.769,-38.673,-38.531,-41.524,-39.527,-40.017,-41.409,-38.661,-39.426,-37.866,-40.472,-39.207,-38.61,-38.891,-42.718,-38.758,-38.538,-41.059,-42.26,-39.85,-38.548,-39.237,-37.618,-38.284,-38.759,-40.028,-41.666,-39.991,-38.971,-39.22,-42.204,-43.227,-46.882,-48.355,-55.256
-55.567,-48.798,-43.388,-43.083,-40.243,-42.883,-40.467,-40.171,-40.497,-40.676,-39.702,-39.737,-37.928,-39.303,-38.246,-38.206,-38.95,-39.128,-38.014,-39.185,-37.277,-38.926,-38.504,-38.436,-40.783,-38.161,-40.377,-39.122,-38.272,-39.48,-39.661,-38.578,-39.146,-39.098,-38.74,-38.216,-39.958,-36.896,-38.203,-38.721,-39.98,-38.624,-40.474,-41.208,-38.269,-38.862,-40.246,-44.468,-43.87,-50.493,-52.21
-50.548,-47.798,-45.052,-40.88,-41.731,-44.109,-40.873,-40.195,-36.082,-42.235,-42.241,-39.578,-42.151,-44.406,-40.297,-40.337,-39.337,-41.385,-43.716,-39.481,-40.805,-39.952,-39.601,-40.861,-42.135,-42.329,-42.48,-40.285,-41.309,-40.195,-39.665,-42.938,-40.495,-40.076,-40.37,-36.765,-39.898,-38.295,-39.11,-40.53,-39.701,-40.927,-38.573,-39.868,-42.229,-40.058,-42.065,-43.517,-47.646,-51.247,-51.127
-52.738,-50.124,-44.415,-41.987,-39.33,-40.69,-42.78,-38.047,-41.682,-39.746,-41.249,-37.714,-37.662,-37.844,-39.798,-39.123,-39.511,-39.591,-38.242,-41.183,-44.613,-40.393,-39.844,-41.212,-40.915,-40.971,-41.226,-40.775,-40.911,-40.814,-46.522,-43.526,-50.292,-47.243,-47.607,-47.211,-43.54,-48.009,-43.586,-46.975,-47.045,-43.614,-47.11,-47.359,-43.564,-43.546,-47.326,-48.295,-54.522,-53.278,-50.36
-52.236,-46.791,-44.773,-40.026,-42.495,-38.729,-39.035,-39.908,-39.833,-39.204,-39.881,-37.714,-39.798,-38.879,-38.535,-39.137,-38.342,-39.969,-38.61,-39.888,-40.316,-40.166,-38.688,-38.711,-40.706,-38.503,-39.853,-39.434,-39.873,-38.128,-42.762,-37.74,-42.279,-38.101,-39.208,-38.908,-38.766,-39.209,-40.134,-39.15,-39.342,-39.388,-40.253,-41.346,-41.659,-41.483,-38.681,-38.578,-38.305,-40.317,-39.802
-51.282,-48.251,-44.527,-40.064,-40.803,-39.879,-37.846,-37.173,-38.376,-38.837,-39.057,-37.525,-40.727,-40.826,-39.121,-40.375,-37.828,-38.559,-39.375,-40.372,-37.263,-41.416,-40.463,-42.037,-40.102,-41.197,-40.342,-39.788,-37.834,-38.58,-39.917,-39.015,-37.781,-39.648,-40.003,-38.32,-39.303,-40.406,-38.842,-41.316,-42.451,-39.284,-38.46,-38.72,-40.808,-39.445,-45.058,-44.172,-44.72,-50.082,-55.754
-55.594,-50.035,-45.944,-43.208,-40.874,-40.769,-38.184,-38.617,-41.043,-41.899,-40.787,-40.032,-41.473,-40.663,-40.265,-42.787,-39.145,-38.886,-43.348,-41.306,-38.765,-42.74,-39.126,-40.466,-40.779,-41.689,-41.009,-40.941,-40.468,-41.348,-39.574,-40.57,-41.537,-39.77,-39.521,-42.982,-40.392,-40.155,-39.217,-38.879,-39.197,-43.915,-40.05,-41.087,-40.867,-43.796,-42.55,-42.908,-45.635,-50.937,-54.46
-57.47,-55.528,-55.683,-54.868,-47.935,-51.295,-51.517,-57.005,-51.168,-53.719,-47.984,-51.781,-51.615,-47.995,-47.786,-52.754,-53.087,-53.032,-52.692,-51.606,-52.173,-54.919,-52.527,-51.906,-50.886,-50.386,-50.914,-50.704,-50.952,-52.088,-40.652,-41.104,-41.5,-42.195,-43.367,-41.392,-40.927,-43.412,-39.785,-42.506,-41.259,-42.114,-42.224,-42.433,-44.035,-42.206,-44.726,-47.274,-50.249,-52.316,-55.423
-52.693,-52.868,-45.257,-43.1,-42.248,-41.073,-40.133,-41.011,-39.004,-38.774,-43.006,-41.132,-41.237,-41.301,-43.663,-41.21,-39.531,-43.003,-39.141,-42.317,-42.784,-42.161,-39.78,-40.907,-41.825,-42.094,-42.605,-40.448,-42.027,-39.925,-44.515,-39.138,-39.993,-40.893,-37.852,-39.129,-38.413,-39.041,-40.52,-39.496,-40.147,-40.305,-43.258,-41.018,-41.732,-41.198,-41.515,-42.549,-46.193,-52.294,-54.058
-60.698,-60.406,-57.074,-54.88,-51.42,-54.976,-57.111,-54.863,-51.444,-51.459,-56.215,-55.4,-56.103,-58.829,-56.635,-55.817,-57.453,-55.39,-59.471,-59.475,-55.749,-55.084,-56.235,-56.794,-55.684,-54.747,-54.745,-57.261,-57.451,-55.317,-43.911,-41.951,-42.616,-43.524,-48.057,-41.46,-44.94,-43.133,-43.034,-43.333,-40.961,-42.946,-42.775,-45.763,-43.073,-43.927,-45.078,-44.219,-48.791,-49.409,-55.677
-53.894,-54.284,-53.478,-51.114,-50.36,-49.691,-45.685,-45.781,-45.778,-45.72,-49.791,-48.724,-45.785,-45.702,-45.776,-49.983,-45.779,-50.795,-49.284,-45.748,-45.725,-48.824,-50.003,-50.994,-47.44,-48.64,-46.778,-48.35,-48.04,-48.303,-43.425,-42.352,-42.408,-44.762,-41.762,-40.85,-40.267,-41.808,-40.969,-43.689,-40.356,-42.723,-43.414,-43.355,-41.481,-43.328,-42.597,-46.556,-46.796,-47.843,-56.056
-55.062,-49.64,-45.235,-44.241,-41.638,-40.373,-38.649,-40.974,-39.014,-39.828,-39.315,-41.571,-38.712,-40.887,-39.546,-39.869,-40.02,-39.569,-40.595,-39.493,-41.345,-42.629,-41.362,-40.708,-41.364,-40.014,-39.988,-39.313,-39.322,-40.327,-41.66,-42.215,-41.053,-40.047,-41.196,-38.518,-46.352,-40.072,-41.445,-40.548,-41.738,-47.907,-42.341,-43.635,-39.143,-43.919,-42.117,-42.525,-46.86,-47.488,-53.697
-58.911,-56.781,-55.319,-54.181,-53.022,-48.569,-53.905,-48.514,-55.661,-48.533,-55.006,-52.119,-53.753,-52.801,-48.483,-52.359,-52.977,-48.459,-53.446,-51.859,-51.825,-51.783,-50.733,-52.289,-51.221,-51.31,-52.871,-51.65,-51.599,-51.712,-41.718,-41.162,-40.913,-41.934,-42.756,-43.459,-40.741,-40.121,-42.074,-42.562,-42.336,-45.355,-44.108,-41.96,-39.991,-42.203,-43.909,-45.299,-46.094,-48.782,-55.202
-55.788,-49.156,-46.438,-41.849,-42.433,-43.648,-40.591,-40.651,-42.408,-37.918,-41.592,-43.839,-39.561,-41.017,-38.277,-41.67,-39.509,-40.75,-40.158,-40.55,-39.361,-40.328,-40.63,-39.292,-39.626,-40.568,-40.795,-40.035,-41.742,-41.855,-40.419,-43.469,-40.491,-41.867,-38.419,-39.272,-38.205,-43.251,-42.561,-39.653,-40.331,-41.12,-40.483,-42.436,-40.739,-41.229,-42.707,-43.576,-48.433,-49.178,-53.777
-58.98,-55.245,-55.567,-55.28,-54.492,-55.856,-49.582,-53.95,-54.019,-56.048,-54.434,-54.958,-52.836,-53.2,-53.765,-54.425,-53.294,-49.569,-53.247,-49.541,-49.59,-54.486,-54.27,-52.895,-53.287,-53.791,-52.781,-52.268,-53.541,-53.527,-39.037,-40.37,-42.336,-38.737,-38.032,-43.201,-39.373,-40.039,-40.257,-39.168,-37.42,-39.798,-38.775,-38.811,-41.002,-38.757,-40.59,-42.558,-45.679,-49.456,-65.43
-51.894,-48.772,-48.241,-40.804,-41.642,-41.825,-38.876,-38.911,-42.358,-39.253,-40.419,-41.251,-38.719,-36.915,-42.169,-38.088,-38.732,-39.368,-39.219,-36.292,-42.333,-39.601,-38.279,-38.573,-39.899,-38.904,-39.126,-40.51,-40.413,-40.447,-44.149,-50.168,-49.449,-44.151,-50.74,-48.044,-48.972,-48.764,-48.321,-47.696,-49.07,-47.65,-47.489,-48.946,-44.137,-50.105,-49.105,-47.043,-49.089,-47.481,-47.125
-54.104,-48.985,-44.485,-42.822,-41.291,-39.743,-41.536,-41.179,-41.223,-39.402,-40.741,-41.303,-41.176,-41.497,-39.646,-43.744,-42.07,-40.368,-39.164,-39.581,-39.07,-41.809,-39.304,-39.308,-40.136,-39.513,-41.387,-41.297,-41.485,-40.698,-39.466,-38.597,-42.42,-39.583,-41.207,-41.782,-44.751,-37.711,-41.994,-40.832,-43.689,-41.313,-39.523,-39.271,-40.899,-42.903,-43.132,-44.141,-45.963,-49.699,-57.948
-51.125,-50.684,-48.782,-42.406,-42.72,-39.065,-37.863,-41.232,-40.147,-39.183,-39.859,-41.007,-39.702,-37.592,-40.88,-37.871,-39.931,-38.74,-41.133,-38.268,-37.43,-41.01,-40.13,-38.695,-38.911,-38.865,-39.563,-38.368,-40.177,-39.062,-39.231,-38.144,-41.093,-39.756,-39.48,-41.187,-38.512,-37.327,-39.104,-39.29,-42.266,-38.148,-40.403,-42.514,-41.796,-40.04,-41.949,-42.741,-45.816,-49.363,-60.949
-64.525,-64.383,-64.83,-56.927,-60.528,-56.868,-60.853,-56.915,-61.918,-61.849,-56.948,-62.051,-62.397,-56.938,-56.933,-62.389,-56.908,-63.634,-56.939,-61.48,-60.465,-62.261,-59.379,-60.197,-61.133,-59.922,-60.764,-58.637,-61.027,-59.485,-39.941,-42.594,-39.651,-41.249,-39.309,-38.626,-39.854,-39.397,-39.964,-42.855,-39.785,-47.316,-41.619,-40.399,-41.1,-41.379,-40.454,-40.2,-40.661,-41.114,-39.54
-52.21,-46.878,-43.244,-39.207,-39.926,-38.422,-41.166,-40.578,-37.705,-40.175,-36.835,-39.436,-39.801,-39.016,-41.628,-37.692,-40.156,-39.752,-41.675,-38.274,-38.474,-39.898,-38.672,-39.906,-38.835,-39.678,-39.656,-39.92,-39.185,-39.077,-39.462,-38.188,-38.544,-40.129,-40.699,-40.561,-40.492,-38.651,-43.106,-41.054,-38.563,-41.362,-42.443,-42.1,-39.389,-41.462,-40.181,-41.001,-39.411,-39.54,-39.029
-53.097,-51.862,-42.709,-41.071,-41.234,-41.129,-40.422,-40.163,-39.496,-38.987,-42.006,-38.662,-39.177,-41.231,-41.275,-40.108,-40.444,-38.334,-39.766,-39.477,-40.988,-40.727,-40.062,-38.641,-39.754,-39.036,-39.935,-40.827,-41.355,-40.671,-38.835,-41.344,-39.651,-39.51,-38.611,-39.751,-40.536,-40.188,-38.669,-37.643,-37.148,-43.012,-42.391,-40.361,-41.28,-39.428,-39.846,-39.002,-40.743,-41.27,-41.254
-53.351,-49.17,-47.473,-45.473,-41.385,-42.016,-42.117,-39.968,-40.511,-38.611,-38.736,-37.779,-39.768,-41.068,-39.472,-37.045,-37.007,-40.265,-39.523,-40.079,-40.104,-39.657,-40.28,-40.277,-43.278,-40.342,-42.243,-44.256,-40.503,-39.231,-39.748,-39.431,-41.26,-39.63,-39.216,-42.978,-40.293,-40.763,-41.055,-38.886,-40.999,-40.793,-43.975,-39.434,-39.106,-42.927,-41.792,-41.787,-39.899,-41.674,-39.623
-52.051,-46.646,-43.477,-42.689,-39.487,-40.141,-41.082,-40.509,-43.361,-40.346,-38.737,-39.555,-39.482,-38.989,-44.409,-38.956,-38.662,-37.477,-40.23,-40.555,-36.906,-41.059,-39.493,-41.097,-40.696,-41.418,-39.762,-41.436,-39.949,-40.795,-40.063,-41.825,-39.11,-41.882,-40.615,-40.478,-41.07,-39.138,-41.836,-40.16,-39.807,-40.836,-39.875,-37.958,-41.684,-41.27,-42.018,-44.218,-45.944,-46.727,-55.847
-53.997,-51.505,-44.393,-42.877,-42.358,-38.933,-39.909,-40.964,-40.259,-41.265,-60.626,-42.313,-41.707,-40.847,-40.709,-40.648,-41.163,-40.432,-41.555,-41.122,-38.848,-41.562,-43.358,-41.09,-41.903,-40.838,-43.4,-42.162,-41.021,-42.263,-65.987,-58.814,-64.006,-63.768,-64.117,-62.975,-58.776,-75.442,-64.111,-73.949,-63.736,-64.332,-76.636,-68.434,-63.778,-65.231,-65.613,-66.023,-65.31,-67.137,-67.219
-51.092,-48.288,-46.666,-44.911,-42.261,-39.162,-38.664,-40.683,-43.047,-40.048,-39.93,-40.305,-39.752,-39.583,-42.375,-41.313,-40.367,-38.632,-39.699,-40.455,-39.419,-41.437,-40.074,-38.936,-40.467,-40.697,-39.811,-39.126,-39.842,-41.188,-39.33,-39.843,-38.109,-39.951,-38.819,-38.762,-40.205,-39.184,-40.829,-41.59,-40.088,-41.202,-40.068,-40.614,-41.242,-39.747,-41.151,-44.652,-47.791,-48.807,-52.834
-53.214,-48.779,-43.764,-42.4,-40.316,-40.688,-43.586,-47.824,-40.188,-43.054,-41.708,-41.652,-40.135,-39.274,-37.535,-40.027,-38.908,-41.489,-39.264,-38.856,-38.827,-41.07,-43.512,-40.614,-40.497,-41.883,-40.959,-41.515,-39.508,-41.595,-46.864,-49.774,-51.629,-51.458,-55.605,-51.158,-50.035,-51.866,-46.851,-46.859,-52.821,-51.687,-53.782,-52.382,-52.556,-50.114,-52.285,-51.378,-52.627,-50.319,-50.456
-53.571,-47.503,-44.758,-41.063,-46.645,-44.17,-39.861,-41.101,-39.911,-42.361,-39.685,-39.188,-38.393,-39.441,-37.768,-42.365,-38.353,-39.877,-42.66,-40.009,-41.116,-41.312,-41.72,-40.66,-41.544,-39.504,-39.483,-39.368,-40.081,-40.646,-39.359,-40.63,-38.428,-40.477,-40.88,-38.803,-40.183,-38.6,-39.615,-39.221,-39.77,-40.883,-38.737,-44.678,-40.445,-40.383,-39.709,-39.872,-39.084,-41.336,-41.477
-53.482,-48.074,-46.529,-42.161,-41.033,-39.201,-40.569,-40.847,-39.062,-44.046,-39.845,-38.696,-36.937,-39.396,-40.436,-40.366,-39.36,-40.099,-40.807,-38.374,-37.539,-38.406,-40.229,-40.591,-41.174,-40.621,-41.041,-39.918,-38.254,-39.391,-40.481,-39.292,-40.428,-40.034,-40.445,-39.826,-38.742,-41.115,-39.692,-39.701,-39.652,-40.415,-40.65,-39.652,-39.388,-40.846,-41.349,-42.501,-47.484,-50.342,-54.828
-54.058,-45.857,-43.453,-43.048,-42.345,-42.471,-41.541,-40.429,-43.866,-39.696,-40.512,-38.807,-40.089,-39.953,-39.535,-42.745,-38.76,-41.77,-38.99,-42.453,-40.618,-40.811,-41.828,-40.813,-41.375,-41.14,-42.152,-40.368,-40.323,-40.498,-57.788,-64.803,-64.011,-65.404,-63.595,-64.914,-63.382,-66.609,-57.702,-57.755,-70.047,-57.747,-62.888,-57.685,-57.745,-63.482,-63.34,-61.826,-62.217,-62.836,-62.818
-51.299,-47.61,-44.56,-41.398,-40.325,-41.116,-38.634,-41.515,-39.676,-39.739,-40.657,-39.239,-40.332,-39.182,-38.013,-38.419,-39.106,-42.172,-44.681,-39.227,-40.371,-40.265,-39.386,-39.044,-39.516,-40.862,-40.38,-38.89,-41.108,-39.141,-62.742,-65.032,-62.139,-63.923,-62.179,-63.062,-57.684,-66.936,-63.031,-61.934,-64.449,-57.729,-57.744,-57.775,-63.384,-57.704,-62.473,-64.376,-64.039,-64.913,-62.059
-53.25,-49.313,-45.054,-41.293,-40.174,-39.447,-39.312,-37.396,-39.662,-38.634,-38.698,-38.01,-39.427,-41.678,-38.933,-38.829,-39.504,-37.03,-38.79,-39.323,-36.942,-38.4,-38.873,-37.935,-39.832,-39.086,-39.105,-38.938,-40.23,-38.714,-37.003,-40.536,-38.666,-39.299,-41.958,-39.502,-39.34,-40.319,-39.498,-40.911,-40.828,-40.183,-40.097,-42.042,-43.623,-38.78,-41.508,-41.048,-40.475,-41.422,-41.332
-52.563,-49.073,-45.785,-43.796,-41.42,-39.898,-39.523,-39.238,-41.227,-40.846,-43.249,-40.421,-40.247,-40.36,-44.839,-41.616,-40.83,-40.798,-39.987,-43.84,-43.546,-40.134,-41.997,-40.387,-40.589,-41.232,-42.503,-40.95,-42.738,-40.598,-39.124,-40.116,-37.367,-38.743,-42.615,-39.222,-38.511,-40.189,-43.52,-42.008,-41.446,-40.437,-42.739,-42.897,-42.212,-42.544,-42.989,-42.421,-48.39,-51.557,-53.007
-54.711,-48.569,-45.378,-43.936,-42.542,-40.298,-37.798,-40.028,-41.878,-39.678,-37.351,-37.803,-38.277,-39.174,-39.642,-38.442,-41.641,-38.742,-39.325,-36.49,-36.753,-41.956,-40.23,-39.317,-41.28,-41.469,-42.236,-40.586,-38.547,-39.551,-37.539,-40.225,-40.961,-40.145,-42.58,-39.198,-40.501,-39.308,-40.264,-40.407,-41.915,-41,-41.339,-39.771,-39.074,-41.308,-41.393,-42.232,-46.3,-52.446,-54.278
-51.641,-48.841,-47.743,-44.963,-39.4,-42.86,-39.962,-40.916,-40.244,-42.35,-40.717,-38.81,-39.969,-38.393,-39.647,-40.126,-38.68,-38.672,-42.187,-40.836,-39.541,-40.533,-40.699,-40.503,-41.66,-41.697,-41.107,-41.027,-41.533,-40.696,-40.093,-42.087,-39.641,-41.401,-41.189,-36.921,-37.81,-40.986,-40.337,-39.349,-44.771,-41.934,-43.029,-39.986,-42.201,-40.849,-44.621,-45.05,-48.744,-52.383,-52.599
-53.758,-50.23,-44.463,-47.343,-42.247,-40.623,-42.612,-39.024,-38.468,-40.777,-39.691,-39.558,-40.202,-38.426,-36.265,-38.23,-37.808,-40.791,-40.206,-39.994,-45.384,-40.274,-38.545,-41.193,-39.792,-39.64,-40.162,-41.114,-40.768,-39.71,-39.294,-37.826,-40.282,-39.403,-39.3,-39.917,-39.151,-37.786,-40.021,-39.318,-40.221,-40.816,-41.912,-37.455,-40.364,-39.916,-43.633,-42.374,-46.758,-53.289,-55.083
-50.253,-49.862,-47.09,-42.902,-39.102,-38.949,-38.427,-39.769,-37.987,-39.139,-74.861,-74.751,-44.639,-74.672,-41.332,-74.543,-74.607,-41.331,-40.259,-74.676,-74.569,-55.816,-55.602,-55.82,-53.878,-54.197,-55.342,-55.543,-56.145,-54.941,-74.892,-74.876,-74.912,-74.864,-40.344,-39.761,-37.671,-36.101,-36.259,-36.755,-74.792,-74.682,-39.436,-41.005,-74.783,-41.063,-74.444,-74.561,-52.595,-54.045,-53.654
-50.664,-48.926,-46.959,-42.456,-43.809,-45.565,-62.069,-62.015,-40.694,-39.091,-34.17,-34.899,-38.457,-62.257,-62.194,-62.092,-41.003,-41.334,-40.019,-36.29,-37.626,-47.016,-45.522,-44.912,-47.65,-46.022,-46.34,-46.314,-47.07,-46.423,-90.57,-100.541,-90.543,-64.442,-64.502,-64.798,-66.864,-58.476,-63.515,-58.431,-68.929,-64.808,-67.098,-67.131,-66.305,-65.068,-69.454,-68.169,-68.027,-70.045,-68.532
-50.202,-45.738,-41.909,-40.23,-42.356,-43.022,-37.896,-41.759,-41.457,-41.427,-37.795,-41.184,-39.777,-38.958,-40.585,-39.588,-40.081,-40.238,-40.702,-39.873,-39.721,-41.122,-41.615,-41.145,-38.793,-41.05,-41.305,-40.977,-39.334,-40.869,-40.897,-39.922,-37.166,-40.091,-40.506,-39.395,-39.102,-39.999,-38.666,-38.095,-39.617,-41.95,-38.1,-43.099,-38.737,-39.196,-40.36,-43.593,-46.423,-50.785,-52.71
-54.559,-48.576,-44.729,-43.241,-38.837,-39.033,-42.764,-44.524,-41.586,-39.835,-40.849,-40.194,-41.954,-42.242,-38.436,-38.638,-39.27,-43.631,-41.258,-38.199,-37.475,-39.691,-40.278,-39.417,-42.021,-39.668,-40.725,-39.451,-40.685,-39.769,-40.627,-39.499,-39.208,-41.24,-39.907,-37.988,-37.242,-37.791,-38.11,-39.013,-41.448,-39.652,-39.972,-37.788,-37.772,-39.88,-39.522,-42.107,-46.703,-51.084,-71.595
-52.475,-49.647,-44.362,-41.919,-40.959,-41.168,-40.11,-40.795,-38.119,-38.878,-38.309,-38.498,-42.251,-39.447,-41.234,-40.912,-39.898,-39.507,-38.823,-39.117,-39.968,-43.27,-41.008,-40.744,-40.734,-40.761,-40.308,-39.854,-40.291,-39.455,-39.929,-38.332,-40.856,-39.805,-38.463,-39.384,-39.086,-39.272,-40.918,-41.1,-37.96,-39.089,-42.088,-40.036,-39.004,-40.046,-42.653,-41.352,-47.102,-51.696,-55.989
-55.363,-54.504,-53.414,-50.074,-49.967,-50.211,-45.193,-45.172,-45.295,-45.301,-48.749,-48.179,-45.248,-50.585,-45.3,-49.244,-48.275,-49.505,-50.745,-49.961,-50.218,-47.235,-46.522,-47.54,-47.009,-46.608,-49.123,-47.326,-49.171,-47.113,-42.357,-39.126,-40.305,-39.082,-38.639,-38.056,-40.377,-39.661,-39.854,-40.337,-45.761,-39.784,-40.384,-39.57,-40.818,-38.056,-41.558,-43.565,-48.441,-50.053,-53.144
-54.23,-49.83,-48.105,-44.289,-41.517,-40.091,-40.676,-40.391,-39.665,-40.429,-37.934,-41.383,-37.824,-39.068,-37.915,-40.106,-38.856,-37.838,-41.908,-39.311,-40.729,-40.796,-39.693,-38.58,-40.29,-40.858,-39.189,-40.585,-40.882,-39.068,-42.259,-41.844,-39.166,-37.034,-36.473,-40.57,-38.888,-39.482,-41.078,-38.14,-37.307,-39.353,-39.622,-43.685,-41.31,-41.446,-41.635,-43.297,-46.372,-49.045,-55.082
-54.167,-49.522,-44.993,-43.305,-40.996,-40.04,-37.172,-40.517,-42.027,-41.917,-39.221,-40.443,-36.874,-37.88,-36.671,-39.654,-39.669,-40.329,-38.733,-38.219,-37.638,-41.24,-40.299,-38.721,-38.143,-40.453,-40.017,-39.619,-38.146,-40.649,-38.767,-39.038,-38.478,-36.839,-38.387,-38.002,-39.92,-37.54,-40.461,-41.616,-40.768,-40.214,-39.549,-41.377,-38.829,-40.971,-39.602,-42.572,-51.323,-49.383,-55.103
-54.491,-50.529,-48.651,-49.313,-45.372,-45.508,-45.972,-41.073,-52.606,-48.159,-44.191,-46.692,-44.363,-47.884,-45.454,-44.213,-44.13,-45.512,-46.22,-45.69,-41.072,-45.005,-45.854,-46.184,-44.95,-44.532,-46.271,-45.449,-45.063,-44.968,-40.479,-42.261,-40.892,-39.173,-41.144,-40.32,-40.592,-42.683,-40.838,-40.629,-47.35,-45.927,-43.004,-42.515,-42.543,-42.197,-42.838,-46.393,-48.927,-54.148,-53.379
-51.304,-49.415,-44.297,-40.38,-41.551,-43.286,-43.19,-43.542,-39.859,-38.785,-41.613,-39.927,-40.62,-38.181,-39.424,-39.595,-38.216,-40.18,-40.163,-38.702,-39.767,-40.678,-40.613,-40.878,-39.392,-40.568,-41.285,-40.074,-41.618,-39.445,-38.266,-41.21,-42.313,-40.356,-38.783,-37.478,-37.703,-38.391,-40.168,-38.915,-39.995,-38.864,-41.836,-39.355,-39.344,-39.303,-42.184,-45.99,-46.099,-48.997,-53.636
-58.939,-56.65,-56.31,-53.145,-53.662,-48.862,-52.155,-58.916,-52.876,-52.252,-48.807,-53.159,-54.714,-55.138,-48.818,-48.864,-52.523,-48.802,-48.863,-48.818,-48.836,-50.59,-51.637,-51.368,-50.116,-50.457,-52.271,-52.235,-52.387,-51.134,-43.463,-40.319,-41.209,-41.988,-39.968,-40.317,-39.814,-40.159,-40.725,-40.605,-39.484,-42.667,-43.523,-43.585,-44.696,-40.292,-43.476,-43.404,-46.944,-53.346,-54.389
-55.41,-48.52,-47.411,-43.563,-39.21,-39.87,-39.861,-41.134,-40.796,-39.03,-38.595,-38.608,-39.376,-38.72,-41.331,-45.22,-41.168,-39.627,-37.852,-42.153,-37.852,-39.176,-41.022,-39.71,-38.937,-39.622,-39.723,-38.843,-41.296,-40.347,-40.632,-39.203,-38.573,-38.627,-39.827,-43.097,-37.577,-37.348,-39.719,-39.819,-38.665,-40.554,-41.078,-38.536,-40.754,-41.22,-40.83,-41.52,-47.999,-49.334,-55.41
-54.004,-52.264,-52.349,-49.338,-47.339,-48.079,-48.196,-48.879,-50.867,-47.116,-44.177,-48.513,-48.138,-48.069,-47.347,-48.641,-44.174,-49.407,-49.106,-48.405,-48.053,-49.635,-49.741,-52.135,-49.527,-48.361,-48.487,-47.168,-48.775,-47.292,-39.081,-40.045,-38.502,-37.937,-41.117,-41.738,-37.911,-38.45,-36.442,-36.838,-40.518,-37.06,-43.383,-40.406,-40.374,-41.504,-39.755,-39.642,-45.013,-52.368,-57.229
-65.546,-64.256,-63.206,-68.399,-57.839,-64.204,-57.83,-57.869,-57.871,-57.807,-57.855,-65.954,-64.097,-57.853,-61.593,-62.075,-61.991,-57.84,-65.237,-63.272,-57.836,-59.768,-62.052,-61.618,-61.39,-59.839,-60.239,-61.405,-60.003,-59.226,-39.573,-40.594,-39.771,-39.383,-40.655,-40.641,-38.447,-39.154,-41.05,-41.098,-40.109,-41.406,-41.577,-41.071,-40.958,-40.616,-41.336,-44.396,-48.163,-51.079,-54.406
-54.928,-48.791,-43.416,-41.654,-41.218,-40.001,-37.719,-39.223,-39.884,-40.154,-39.951,-39.434,-44.85,-39.28,-39.291,-39.402,-42.924,-39.874,-41.297,-41.462,-41.251,-40.022,-39.26,-39.171,-41.132,-39.161,-39.628,-39.547,-41.477,-40.491,-39.11,-39.212,-38.908,-40.235,-39.845,-38.099,-40.514,-39.067,-41.875,-43.178,-39.81,-40.05,-39.09,-38.037,-41.921,-39.663,-41.162,-42.918,-45.936,-50.212,-53.589
-50.998,-49.759,-43.192,-43.176,-41.982,-42.44,-39.638,-40.933,-39.42,-39.722,-39.046,-39.698,-39.266,-42.228,-39.937,-43.084,-39.597,-41.331,-39.621,-40.061,-39.102,-40.763,-40.708,-39.963,-39.106,-41.249,-39.486,-39.58,-41.455,-40.954,-40.201,-39.396,-41.171,-39.258,-40.165,-42.93,-41.587,-40.932,-40.448,-39.428,-40.537,-40.046,-41.542,-42.203,-40.686,-40.033,-41.567,-42.48,-48.801,-48.559,-55.6
-52.714,-46.533,-44.768,-40.521,-39.364,-38.726,-38.733,-37.496,-40.675,-39.065,-71.82,-40.219,-38.908,-37.527,-37.357,-37.234,-38.575,-39.043,-37.167,-37.873,-40.19,-42.155,-40.755,-39.684,-39.823,-39.658,-40.601,-41.636,-39.42,-39.223,-58.742,-63.703,-63.035,-58.778,-66.05,-58.776,-66.539,-64.659,-63.561,-58.653,-68.518,-64.456,-58.763,-58.758,-58.705,-63.487,-63.488,-60.99,-61.358,-62.938,-62.929
-54.227,-47.881,-45.675,-42.148,-38.757,-40.508,-38.816,-41.215,-40.123,-41.309,-40.738,-38.559,-38.897,-41.068,-37.426,-40.322,-38.152,-37.6,-37.086,-40.889,-42.44,-41.159,-40.69,-38.652,-38.363,-40.516,-39.11,-38.424,-40.198,-38.328,-41.677,-37.195,-41.569,-39.598,-39.897,-37.565,-39.715,-40.364,-36.901,-40.384,-40.335,-40.004,-39.901,-40.866,-44.053,-40.534,-45.407,-43.188,-45.768,-47.53,-52.964
-51.861,-49.384,-43.526,-43.813,-42.973,-39.979,-39.147,-40.422,-38.479,-42.074,-38.712,-39.962,-43.324,-38.489,-41.032,-37.288,-39.337,-39.306,-40.884,-39.399,-38.193,-40.751,-40.491,-40.417,-41.58,-41.387,-43.269,-41.278,-41.621,-40.356,-42.545,-41.23,-38.741,-39.438,-39.869,-43.522,-39.675,-37.868,-39.586,-38.703,-40.305,-41.721,-40.115,-40.591,-40.475,-40.209,-40.068,-42.271,-47.346,-49.008,-53.396
-50.411,-48.988,-49.342,-41.902,-43.131,-42.049,-42.567,-41.748,-37.9,-41.448,-42.257,-41.381,-40.994,-42.86,-41.67,-45.588,-42.262,-41.452,-46.273,-42.145,-43.062,-42.879,-42.882,-42.759,-43.908,-41.736,-42.344,-40.759,-42.293,-42.283,-41.995,-40.952,-41.696,-42.028,-39.814,-38.799,-39.923,-40.691,-40.219,-40.688,-41.558,-41.232,-42.384,-41.755,-43.655,-42.104,-42.447,-44.747,-47.998,-50.259,-56.746
-59.618,-57.669,-55.537,-48.873,-52.548,-55.951,-48.894,-55.814,-54.255,-48.866,-54.001,-48.849,-48.859,-52.01,-51.835,-52.034,-54.986,-52.85,-52.902,-48.822,-48.759,-53.323,-51.063,-51.876,-51.578,-53.172,-52.603,-53.21,-53.148,-51.122,-41.592,-40.446,-40.951,-40.406,-43.438,-40.577,-40.203,-38.702,-42.496,-41.824,-42.859,-44.116,-42.436,-43.89,-43.789,-45.788,-46.14,-45.337,-46.771,-50.367,-54.091
-53.889,-49.155,-42.968,-43.003,-42.339,-41.454,-39.521,-42.379,-38.837,-41.811,-40.094,-38.59,-38.673,-38.031,-39.02,-41.234,-40.329,-39.613,-40.573,-38.737,-39.133,-40.313,-40.352,-41.17,-41.44,-40.713,-39.153,-39.98,-40.807,-41.232,-38.476,-39.114,-40.586,-41.033,-39.11,-39.793,-40.834,-38.047,-38.567,-38.113,-41.208,-42.416,-39.3,-38.978,-41.306,-40.798,-42.221,-41.163,-46.938,-52.118,-57.744
-52.178,-49.739,-45.381,-43.705,-43.433,-49.355,-42.704,-38.174,-39.828,-39.174,-38.429,-38.063,-41.055,-38.513,-38.177,-38.88,-41.634,-41.888,-41.229,-40.539,-40.638,-41.152,-39.719,-41.253,-40.885,-40.859,-39.75,-40.964,-39.358,-41.554,-40.385,-38.95,-41.884,-38.377,-44.706,-40.865,-41.183,-41.315,-39.861,-41.341,-37.775,-38.806,-45.947,-42.216,-40.047,-40.709,-43.287,-44.793,-44.92,-50.83,-54.689
-52.145,-49.293,-47.309,-43.063,-40.7,-39.743,-38.098,-40.807,-37.127,-41.296,-40.609,-38.638,-39.488,-38.564,-42.107,-38.347,-38.15,-39.351,-38.359,-39.587,-43.525,-40.279,-39.054,-40.298,-39.186,-40.186,-40.628,-40.179,-38.62,-39.522,-61.384,-61.478,-61.364,-63.305,-61.605,-63.509,-63.767,-57.416,-62.717,-57.439,-63.728,-64.18,-57.4,-57.354,-61.913,-63.861,-63.214,-66.11,-62.386,-66.611,-60.123
-51.536,-47.417,-53.051,-40.284,-40.914,-43.12,-42.523,-40.153,-38.713,-40.773,-39.286,-40.466,-43.732,-38.197,-42.109,-39.564,-41.444,-40.821,-43.17,-40.612,-39.784,-41.81,-40.506,-40.35,-39.907,-42.238,-41.513,-42.066,-41.281,-40.819,-36.035,-43.023,-39.993,-40.755,-38.496,-37.944,-38.472,-39.502,-41.814,-40.436,-39.614,-38.763,-39.419,-38.087,-41.357,-40.669,-41.143,-42.6,-46.244,-50.982,-54.973
-52.976,-50.619,-45.369,-44.064,-42.429,-41.665,-39.4,-38.285,-39.225,-41.322,-38.689,-40.911,-38.358,-39.583,-39.97,-38.155,-38.591,-40.37,-38.852,-37.578,-38.096,-39.415,-39.128,-39.333,-39.622,-39.926,-40.648,-39.904,-40.51,-37.972,-39.077,-39.816,-41.836,-40.579,-38.547,-42.077,-39.522,-37.587,-39.713,-39.204,-41.668,-40.191,-40.27,-41.343,-40.348,-40.765,-40.95,-40.353,-45.749,-51.41,-55.261
-53.28,-46.567,-45.619,-43.903,-42.825,-41.218,-43.448,-42.805,-44.24,-42.625,-40.882,-39.978,-41.655,-43.563,-40.991,-42.932,-41.163,-42.548,-39.275,-42.107,-35.884,-41.321,-42.314,-42.182,-42.653,-40.951,-40.294,-40.13,-41.938,-42.696,-40.334,-39.142,-38.615,-40.155,-38.369,-41.882,-40.877,-39.434,-38.569,-40.203,-43.727,-39.138,-41.166,-39.587,-38.479,-38.703,-41.959,-45.062,-45.717,-52.543,-56.292
-54.276,-47.269,-45.241,-42.914,-39.66,-43.105,-38.426,-38.666,-40.687,-39.493,-40.678,-40.303,-39.256,-39.128,-39.327,-40.809,-40.266,-39.278,-37.511,-43.005,-41.992,-40.968,-41.372,-40.681,-41.053,-39.782,-38.759,-41.203,-38.762,-41.462,-39.903,-38.527,-39.803,-39.917,-39.483,-39.557,-40.997,-41.874,-39.728,-39.031,-39.509,-41.021,-40.367,-38.757,-41.52,-38.952,-41.027,-43.035,-47.171,-49.348,-53.967
-52.361,-48.837,-44.777,-42.694,-39.937,-38.837,-42.139,-40.393,-39.951,-39.701,-41.635,-41.013,-39.521,-39.108,-39.055,-39.744,-40.152,-39.381,-39.563,-40.979,-38.8,-42.228,-40.416,-41.213,-41.362,-57.558,-51.211,-52.903,-47.662,-50.713,-47.67,-51.133,-51.308,-47.667,-52.021,-52.193,-50.69,-47.719,-51.53,-47.7,-47.676,-47.633,-47.687,-47.655,-51.436,-51.381,-51.014,-52.989,-55.263,-55.611,-52.883
-52.142,-48.767,-46.182,-42.449,-41.807,-42.389,-39.11,-40.181,-38.799,-41.359,-38.871,-40.596,-39.506,-39.839,-46.444,-39.973,-40.112,-39.687,-41.621,-41.405,-38.097,-39.976,-41.196,-41.904,-39.564,-40.246,-39.714,-40.949,-39.233,-39.532,-41.055,-39.626,-38.435,-38.886,-36.705,-37.84,-37.491,-38.727,-38.611,-37.816,-38.958,-39.869,-42.735,-40.343,-40.541,-40.77,-41.748,-46.116,-46.697,-48.261,-56.571
-54.561,-47.523,-44.569,-40.659,-42.071,-43.449,-39.331,-39.28,-39.689,-40.643,-40.773,-39.143,-40.602,-38.943,-38.435,-43.015,-39.287,-42.003,-38.498,-39.673,-39.833,-40.729,-40.016,-40.616,-39.723,-40.317,-40.813,-39.465,-39.619,-39.489,-57.771,-65.886,-66.671,-62.303,-57.699,-61.81,-57.699,-57.754,-57.625,-64.643,-57.764,-57.716,-63.202,-61.868,-57.738,-62.913,-62.283,-60.411,-62.135,-60.706,-61.349
-54.91,-49.987,-43.008,-47.101,-41.333,-39.653,-38.778,-40.627,-40.77,-40.238,-40.393,-40.382,-40.404,-38.006,-41.378,-41.725,-40.163,-41.317,-38.825,-37.943,-37.599,-39.931,-40.49,-39.4,-40.954,-39.055,-38.605,-40.476,-41.264,-41.281,-40.503,-46.672,-39.987,-38.26,-40.013,-38.858,-43.116,-39.808,-39.285,-40.139,-39.817,-42.875,-39.484,-39.403,-39.896,-41.174,-39.343,-41.406,-40.561,-39.576,-40.445
-70.411,-64.858,-67.21,-64.906,-63.57,-65.602,-64.236,-58.976,-58.972,-66.053,-69.072,-59.023,-59.042,-64.534,-59.012,-65.065,-65.954,-65.85,-59.041,-64.081,-66.458,-64.002,-64.444,-63.944,-64.207,-63.365,-63.744,-64.005,-61.844,-64.238,-42.604,-41.194,-39.295,-41.422,-40.313,-41.009,-40.206,-40.589,-43.176,-43.409,-39.943,-42.567,-46.261,-40.784,-42.092,-42.52,-42.127,-44.968,-48.937,-50.911,-68.406
-50.167,-48.029,-45.924,-44.562,-41.385,-39.591,-38.642,-40.281,-41.081,-41.097,-39.929,-39.343,-39.189,-39.788,-40.761,-38.75,-38.501,-41.595,-43.316,-37.532,-39.591,-39.648,-40.32,-38.652,-40.342,-39.827,-39.17,-39.996,-39.953,-39.513,-47.54,-46.881,-45.82,-46.78,-51.309,-48.435,-42.336,-45.452,-46.536,-42.404,-50.925,-48.572,-48.062,-45.411,-48.673,-46.506,-48.689,-48.99,-51.182,-51.47,-55.923
-54.592,-50.688,-43.91,-43.972,-38.649,-39.06,-40.635,-39.003,-40.189,-39.085,-37.356,-37.472,-37.735,-38.455,-38.747,-38.237,-38.571,-40.946,-38.178,-38.841,-38.044,-40.055,-40.874,-38.974,-38.845,-39.313,-38.991,-37.304,-38.464,-37.977,-41.032,-40.708,-40.467,-38.412,-40.029,-38.666,-39.212,-38.786,-41.949,-40.893,-39.49,-43.514,-40.573,-39.839,-39.543,-43.741,-43.86,-44.253,-47.977,-47.492,-55.343
-51.146,-49.065,-46.072,-43.284,-42.014,-43.102,-43.369,-41.008,-40.579,-41.474,-39.687,-41.547,-40.239,-40.891,-40.798,-39.157,-41.585,-44.983,-41.748,-42.355,-40.483,-42.599,-42.478,-40.106,-40.647,-42.474,-40.679,-41.444,-40.146,-40.175,-41.756,-42.353,-42.609,-48.243,-41.282,-42.575,-42.049,-41.775,-40.954,-41.36,-41.088,-43.711,-43.038,-43.146,-42.447,-43.604,-42.348,-43.07,-43.953,-43.16,-43.084
-52.514,-49.704,-43.698,-42.258,-39.972,-42.745,-42.716,-38.841,-40.461,-39.456,-38.872,-41.219,-38.857,-39.738,-40.977,-38.828,-37.008,-40.07,-37.76,-40.579,-39.119,-39.685,-40.567,-41.214,-40.059,-41.099,-38.992,-41.017,-39.695,-38.696,-41.779,-40.812,-42.095,-39.178,-38.544,-39.162,-37.686,-38.932,-39.178,-40.054,-40.348,-39.774,-42.958,-39.734,-38.262,-43.556,-44.954,-46.514,-47.747,-49.894,-52.887
-51.653,-51.422,-48.083,-41.252,-42.143,-41.483,-44.514,-42.874,-43.282,-42.369,-41.482,-40.672,-40.601,-43.603,-42.495,-42.608,-41.537,-40.427,-42.421,-36.831,-43.447,-43.137,-42.84,-42.892,-42.834,-42.822,-43.414,-41.708,-41.033,-41.23,-39.403,-40.941,-40.699,-41.078,-39.929,-40.16,-39.829,-38.314,-41.48,-38.088,-38.741,-42.155,-41.47,-42.141,-42.14,-41.735,-40.978,-40.397,-41.179,-41.587,-40.805
-50.598,-50.597,-46.637,-44.528,-40.242,-41.417,-37.197,-39.457,-39.049,-40.269,-40.188,-40.427,-38.97,-37.513,-38.248,-38.243,-38.688,-40.126,-38.279,-38.243,-39.132,-38.253,-38.434,-38.121,-40.122,-39.992,-40.487,-39.19,-40.113,-39.521,-38.821,-38.92,-39.598,-37.25,-41.771,-41.979,-40.954,-39.368,-41.834,-38.7,-39.198,-40.936,-40.446,-42.026,-41.948,-41.462,-41.14,-41.519,-45.796,-47.577,-55.661
-58.82,-50.069,-47.031,-43.277,-38.695,-41.011,-40.132,-41.181,-42.665,-38.443,-37.222,-37.913,-40.843,-36.076,-41.608,-38.656,-39.103,-39.608,-41.547,-39.895,-40.268,-39.219,-40.425,-38.75,-40.886,-40.604,-39.918,-38.28,-41.182,-38.571,-56.974,-57.002,-56.977,-61.84,-62.871,-62.31,-61.084,-61.353,-56.985,-63.612,-56.967,-66.192,-56.975,-65.088,-62.891,-56.937,-62.598,-66.08,-97.44,-88.363,-89.092